titre;nationalité;sortie;entrées (millions)
LES INDESTRUCTIBLES 2;US;04/07/2018;5737042
LES TUCHE 3;FR;31/01/2018;5685341
CHTITE FAMILLE (LA);FR;28/02/2018;5619983
AVENGERS : INFINITY WAR;US;25/04/2018;5044833
GRAND BAIN (LE);FR;24/10/2018;4205397
ANIMAUX FANTASTIQUES (LES) : LES CRIMES DE GRINDELWALD;GB;14/11/2018;3855470
BOHEMIAN RHAPSODY;GB;31/10/2018;3722418
TAXI 5;FR;11/04/2018;3650550
JURASSIC WORLD FALLEN KINGDOM;US;06/06/2018;3633701
BLACK PANTHER;US;14/02/2018;3621869
HOTEL TRANSYLVANIE 3 : DES VACANCES MONSTRUEUSES;US;25/07/2018;3073504
MISSION IMPOSSIBLE FALL OUT;US;01/08/2018;3017843
ASTERIX ET LE SECRET DE LA POTION MAGIQUE;FR;05/12/2018;2889583
LE LABYRINTHE: LE REMEDE MORTEL;US;07/02/2018;2851683
CINQUANTE NUANCES PLUS CLAIRES;US;07/02/2018;2764015
DEADPOOL 2;US;16/05/2018;2603773
TOUT LE MONDE DEBOUT;FR;14/03/2018;2417997
ALAD 2;FR;03/10/2018;2346564
VENOM;US;10/10/2018;2279269
READY PLAYER ONE;GB;28/03/2018;2278316
LE GRINCH;US;28/11/2018;2051025
JUMANJI BIENVENUE DANS LA JUNGLE;US;20/12/2017;2000330
AQUAMAN;US;19/12/2018;1901039
A STAR IS BORN;US;03/10/2018;1878526
YETI ET COMPAGNIE;US;17/10/2018;1845860
ANT-MAN ET LA GUEPE;US;18/07/2018;1804606
PIERRE LAPIN;US;04/04/2018;1735472
STAR WARS LES DERNIERS JEDI;US;13/12/2017;1730411
BELLE ET SEBASTIEN 3, LE DERNIER CHAPITRE;FR;14/02/2018;1683327
EN EAUX TROUBLES;US;22/08/2018;1618794
JEU (LE);FR;17/10/2018;1588663
FERDINAND;US;20/12/2017;1420634
LA NONNE;US;19/09/2018;1385206
LA FORME DE L'EAU;US;21/02/2018;1382572
SOLO : A STAR WARS STORY;US;23/05/2018;1373990
COCO;US;29/11/2017;1347093
PENTAGON PAPERS;US;24/01/2018;1338337
BLACKKKLANSMAN;US;22/08/2018;1310537
TOMB RAIDER;GB;14/03/2018;1264668
NEUILLY SA MERE, SA MERE;FR;08/08/2018;1146585
AMERICAN NIGHTMARE 4 LES ORIGINES;US;04/07/2018;1030240
PREMIERE ANNEE;FR;12/09/2018;1013813
MOI MOCHE ET MECHANT 3;US;05/07/2017;5741462
STAR WARS LES DERNIERS JEDI;US;13/12/2017;5349638
RAID DINGUE;FR;01/02/2017;4562777
VALERIAN ET LA CITE DES MILLE PLANETES;FR;26/07/2017;4041056
BABY BOSS;US;29/03/2017;3871638
FAST AND FURIOUS 8;US;12/04/2017;3869251
TOUS EN SCENE;US;25/01/2017;3606379
ALIBI.COM;FR;15/02/2017;3600764
PIRATES DES CARAIBES: LA VENGEANCE DE SALAZAR;US;24/05/2017;3593093
LA BELLE ET LA BETE;GB / US;22/03/2017;3489947
COCO;US;29/11/2017;3260894
LES GARDIENS DE LA GALAXIE VOL 2;US;26/04/2017;3143567
CINQUANTE NUANCES PLUS SOMBRES;US;08/02/2017;3141491
SENS DE LA FETE (LE);#N/A;04/10/2017;3022386
LA PLANETE DES SINGES SUPREMATIE;US;02/08/2017;2810037
LA LA LAND;US;25/01/2017;2748279
CARS 3;US;02/08/2017;2717826
DUNKERQUE;GB;19/07/2017;2547965
EPOUSE MOI MON POTE;FR;25/10/2017;2470684
THOR RAGNAROK;US;25/10/2017;2460259
SPIDER MAN HOMECOMING;US;12/07/2017;2318079
LOGAN;US;01/03/2017;2274243
CA;US;20/09/2017;2231708
WONDER WOMAN;GB;07/06/2017;2154845
AU REVOIR LA HAUT;FR;25/10/2017;1985678
ECOLE BUISSONNIERE (L');#N/A;11/10/2017;1902227
SEVEN SISTERS;GB;30/08/2017;1861713
LES SCHTROUMPFS ET LE VILLAGE PERDU;US;05/04/2017;1837383
LION;AUS;22/02/2017;1792318
SPLIT;US;22/02/2017;1789981
KINGSMAN LE CERCLE D'OR;GB;11/10/2017;1735767
JUSTICE LEAGUE;GB;15/11/2017;1712931
SANTA ET CIE;FR / BE;06/12/2017;1653855
KONG SKULL ISLAND;US;08/03/2017;1617325
BAYWATCH ALERTE A MALIBU;US;21/06/2017;1589401
TRANSFORMERS THE LAST KNIGHT;US;28/06/2017;1424218
IL A DEJA TES YEUX;FR;18/01/2017;1388523
JUMANJI BIENVENUE DANS LA JUNGLE;US;20/12/2017;1386909
LA MOMIE;US;14/06/2017;1382338
UN SAC DE BILLES;FR / CA;18/01/2017;1334756
PADDINGTON 2;FR;06/12/2017;1306255
ROCK N ROLL;FR;15/02/2017;1299936
PATIENTS;FR;01/03/2017;1267131
ALIEN COVENANT;US;10/05/2017;1266347
BLADE RUNNER 2049;US;04/10/2017;1256847
ANNABELLE 2 LA CREATION DU MAL;US;09/08/2017;1246057
GET OUT;US;03/05/2017;1154375
DEMAIN TOUT COMMENCE;FR / GB;07/12/2016;1130428
SAHARA;FR / CA;01/02/2017;1125640
L ASCENSION;FR;25/01/2017;1124522
ROGUE ONE A STAR WARS STORY;US;14/12/2016;1063269
FERDINAND;US;20/12/2017;1059115
LE BRIO;FR;22/11/2017;1046454
A BRAS OUVERTS;FR / BE;05/04/2017;1028055
GHOST IN THE SHELL;US;29/03/2017;1019993
VAIANA LA LEGENDE DU BOUT DU MONDE;US;30/11/2016;1019354
ZOOTOPIE;ETATS UNIS;17/02/2016;4754973
TUCHE 2 : LE REVE AMERICAIN (LES);FRANCE;03/02/2016;4604904
VAIANA, LA LÉGENDE DU BOUT DU MONDE;ETATS UNIS;30/11/2016;4525149
ROGUE ONE A STAR WARS STORY;ETATS UNIS;14/12/2016;3918856
THE REVENANT;ETATS UNIS;24/02/2016;3843618
ANIMAUX FANTASTIQUES (LES);GRANDE BRETAGNE;16/11/2016;3814720
DEADPOOL;ETATS UNIS;10/02/2016;3761903
COMME DES BETES;ETATS UNIS;27/07/2016;3755283
LIVRE DE LA JUNGLE (LE);ETATS UNIS;13/04/2016;3646088
AGE DE GLACE : LES LOIS DE L'UNIVERS (L');ETATS UNIS;13/07/2016;3500331
MONDE DE DORY (LE);ETATS UNIS;22/06/2016;3366753
CAMPING 3;FRANCE;29/06/2016;3222806
STAR WARS : EPISODE 7, LE REVEIL DE LA FORCE;ETATS UNIS;16/12/2015;3002807
RADIN !;FRANCE;28/09/2016;2953541
CAPTAIN AMERICA : CIVIL WAR;ETATS UNIS;27/04/2016;2915343
TROLLS (LES);ETATS UNIS;19/10/2016;2736205
MISS PEREGRINE ET LES ENFANTS PARTICULIERS;GRANDE BRETAGNE;05/10/2016;2707153
KUNG FU PANDA 3;ETATS UNIS;30/03/2016;2575717
BATMAN V SUPERMAN : L'AUBE DE LA JUSTICE;ETATS UNIS;23/03/2016;2492210
SUICIDE SQUAD;ETATS UNIS;03/08/2016;2281084
VISITEURS : LA REVOLUTION (LES);FRANCE / BELGIQUE;06/04/2016;2199638
RETOUR CHEZ MA MERE;FRANCE;01/06/2016;2196249
X-MEN : APOCALYPSE;ETATS UNIS;18/05/2016;2161008
DIVERGENTE 3 : AU-DELA DU MUR;ETATS UNIS;09/03/2016;2109392
INSAISISSABLES 2;ETATS UNIS;27/07/2016;2102703
DEMAIN TOUT COMMENCE;FRANCE / GRANDE BRETAGNE;07/12/2016;2074996
BRIDGET JONES BABY;GRANDE BRETAGNE;05/10/2016;1972097
PATTAYA;FRANCE;24/02/2016;1951055
BRICE 3;FRANCE;19/10/2016;1949761
CHOCOLAT;FRANCE;03/02/2016;1932768
DOCTOR STRANGE;ETATS UNIS;26/10/2016;1924147
ALVIN ET LES CHIPMUNKS : A FOND LA CAISSE;ETATS UNIS;03/02/2016;1799219
8 SALOPARDS (LES);ETATS UNIS;06/01/2016;1775995
WARCRAFT : LE COMMENCEMENT;ETATS UNIS;25/05/2016;1731822
CREED, L'HERITAGE DE ROCKY BALBOA;ETATS UNIS;13/01/2016;1641241
MEDECIN DE CAMPAGNE;FRANCE;23/03/2016;1507093
JASON BOURNE;ETATS UNIS;10/08/2016;1487907
CONJURING 2 : LE CAS ENFIELD;ETATS UNIS;29/06/2016;1471943
TARZAN;GRANDE BRETAGNE;06/07/2016;1376034
ALICE DE L'AUTRE COTE DU MIROIR;ETATS UNIS;01/06/2016;1347933
BALLERINA;CANADA / FRANCE;14/12/2016;1344874
VACHE (LA);FRANCE / MAROC;17/02/2016;1301661
INDEPENDENCE DAY  : RESURGENCE;ETATS UNIS;20/07/2016;1291364
ASSASSIN'S CREED;ETATS UNIS;21/12/2016;1252681
FOLLE HISTOIRE DE MAX ET LEON (LA);FRANCE / BELGIQUE;01/11/2016;1224730
ODYSSÉE (L');FRANCE;12/10/2016;1216923
PAPA OU MAMAN 2;FRANCE / BELGIQUE;07/12/2016;1197087
SULLY;ETATS UNIS;30/11/2016;1108213
ADOPTE UN VEUF;FRANCE;20/04/2016;1089364
JUSTE LA FIN DU MONDE;CANADA / FRANCE;21/09/2016;1033960
SAISONS (LES);FRANCE;27/01/2016;1018071
CIGOGNES ET COMPAGNIE;ETATS UNIS;12/10/2016;1017326
5EME VAGUE (LA);ETATS UNIS;27/01/2016;1002794
STAR WARS : EPISODE 7, LE REVEIL DE LA FORCE;ETATS UNIS;16/12/2015;7327435
MINIONS (LES);ETATS UNIS;08/07/2015;6655855
FAMILLE BELIER (LA);FRANCE / BELGIQUE;17/12/2014;5351811
JURASSIC WORLD;ETATS UNIS;10/06/2015;5214046
007 SPECTRE;GRANDE BRETAGNE;11/11/2015;4813082
FAST & FURIOUS 7;ETATS UNIS;01/04/2015;4631125
NOUVELLES AVENTURES D'ALADIN (LES);FRANCE;14/10/2015;4426102
VICE-VERSA;ETATS UNIS;17/06/2015;4410201
AVENGERS : L'ERE D'ULTRON;ETATS UNIS;22/04/2015;4240121
CINQUANTE NUANCES DE GREY;ETATS UNIS;11/02/2015;4065415
PROFS 2 (LES);FRANCE / BELGIQUE;01/07/2015;3494441
AMERICAN SNIPER;ETATS UNIS;18/02/2015;3132953
LABYRINTHE : LA TERRE BRULEE (LE);ETATS UNIS;07/10/2015;3122000
PAPA OU MAMAN;FRANCE;04/02/2015;2887691
MISSION : IMPOSSIBLE, ROGUE NATION;ETATS UNIS;12/08/2015;2797975
HUNGER GAMES : LA REVOLTE, 2e PARTIE;ETATS UNIS;18/11/2015;2773963
TAKEN 3;FRANCE;21/01/2015;2612213
BABYSITTING 2;FRANCE;02/12/2015;2525612
SEUL SUR MARS;ETATS UNIS;21/10/2015;2519790
DIVERGENTE 2 : L'INSURRECTION;ETATS UNIS;18/03/2015;2417013
POURQUOI J'AI (PAS) MANGE MON PERE;FRANCE / ITALIE;08/04/2015;2410643
MAD MAX : FURY ROAD;AUSTRALIE;14/05/2015;2359477
VOYAGE D'ARLO (LE);ETATS UNIS;25/11/2015;2316475
HOTEL TRANSYLVANIE 2;ETATS UNIS;07/10/2015;2298078
PETIT PRINCE (LE);FRANCE / ITALIE;29/07/2015;1934437
ANT-MAN;ETATS UNIS;14/07/2015;1721905
CENDRILLON;GRANDE BRETAGNE;25/03/2015;1674276
KINGSMAN : SERVICES SECRETS;GRANDE BRETAGNE / ETATS UNIS;18/02/2015;1666999
NOUVEAUX HEROS (LES);ETATS UNIS;11/02/2015;1660709
NUIT AU MUSEE : LE SECRET DES PHARAONS (LA);ETATS UNIS;04/02/2015;1591922
BIS;FRANCE;18/02/2015;1512366
TERMINATOR : GENISYS;ETATS UNIS;01/07/2015;1425869
BELLE ET SEBASTIEN : L'AVENTURE CONTINUE;FRANCE;09/12/2015;1369011
DERNIER LOUP (LE);CHINE / FRANCE;25/02/2015;1326539
BOB L'EPONGE, LE FILM - UN HEROS SORT DE L'EAU;ETATS UNIS;18/02/2015;1300935
EN ROUTE !;ETATS UNIS;15/04/2015;1224306
4 FANTASTIQUES (LES);ETATS UNIS;05/08/2015;1204400
CONNASSE, PRINCESSE DES CŒURS;FRANCE;29/04/2015;1199076
SAN ANDREAS;ETATS UNIS;27/05/2015;1151362
TED 2;ETATS UNIS;05/08/2015;1143896
IMITATION GAME;GRANDE BRETAGNE / ETATS UNIS;28/01/2015;1088829
SHAUN LE MOUTON;GRANDE BRETAGNE;01/04/2015;1063446
SOUVENIRS (LES);FRANCE / BELGIQUE;14/01/2015;1062983
MARGUERITE;FRANCE / REPUBLIQUE TCHEQUE/ BELGIQUE;16/09/2015;1008223
QU'EST-CE QU'ON A FAIT AU BON DIEU ?;FRANCE;16/04/2014;12343201
SUPERCONDRIAQUE;FRANCE;26/02/2014;5271006
LUCY;FRANCE;06/08/2014;5200285
LE HOBBIT : LA BATAILLE DES CINQ ARMÉES ;NOUVELLE ZELANDE;10/12/2014;4072690
LA PLANETE DES SINGES : L'AFFRONTEMENT ;ETATS-UNIS;30/07/2014;3780627
DRAGONS 2;ETATS-UNIS;02/07/2014;3376908
X-MEN : DAY OF FUTURE PAST;ETATS-UNIS;21/05/2014;3283332
RIO 2;ETATS-UNIS;09/04/2014;3263275
SAMBA;FRANCE;15/10/2014;3149911
LE LABYRINTHE ;ETATS-UNIS;15/10/2014;3129710
HUNGER GAMES - LA RÉVOLTE PARTIE 1;ETATS-UNIS;19/11/2014;3124933
ASTÉRIX ET LE DOMAINE DES DIEUX;FRANCE;26/11/2014;2679728
INTERSTELLAR;ETATS-UNIS;05/11/2014;2575268
LES VACANCES DU PETIT NICOLAS ;FRANCE;09/07/2014;2411218
BABYSITTING;FRANCE;16/04/2014;2358161
LA FAMILLE BÉLIER ;FRANCE;17/12/2014;2348021
LES GARDIENS DE LA GALAXIE ;ETATS-UNIS;13/08/2014;2337377
TRANSFORMERS : L'ÂGE DE L'EXTINCTION;ETATS-UNIS;16/07/2014;2335956
THE AMAZING SPIDER-MAN : LE DESTIN D'UN HÉROS;ETATS-UNIS;30/04/2014;2309088
LES TROIS FRÈRES, LE RETOUR ;FRANCE;12/02/2014;2243586
PADDINGTON;FRANCE;03/12/2014;2204696
LE LOUP DE WALL STREET ;ETATS-UNIS;25/12/2013;2003929
MALÉFIQUE;ETATS-UNIS;28/05/2014;2003537
FISTON;FRANCE;12/03/2014;1930201
GONE GIRL;ETATS-UNIS;08/10/2014;1910838
CAPTAIN AMERICA : LE SOLDAT DE L'HIVER;ETATS-UNIS;26/03/2014;1880153
LA BELLE ET LA BÊTE ;FRANCE;12/02/2014;1827555
NINJA TURTLES;ETATS-UNIS;15/10/2014;1785821
12 YEARS A SLAVE;ETATS-UNIS;22/01/2014;1713834
YVES SAINT LAURENT;FRANCE;08/01/2014;1645231
BARBECUE;FRANCE;30/04/2014;1613920
LES PINGOUINS DE MADAGASCAR ;ETATS-UNIS;17/12/2014;1594502
300 : LA NAISSANCE D'UN EMPIRE;ETATS-UNIS;05/03/2014;1562138
ANNABELLE;ETATS-UNIS;08/10/2014;1542856
LA GRANDE AVENTURE LEGO ;ETATS-UNIS;19/02/2014;1537495
MINUSCULE, LA VALLÉE DES FOURMIS PERDUES;FRANCE;29/01/2014;1499083
DIVERGENTE;ETATS-UNIS;09/04/2014;1496092
THE GRAND BUDAPEST HOTEL;ETATS-UNIS;26/02/2014;1472817
M. PEABODY ET SHERMAN : LES VOYAGES DANS LE TEMPS;ETATS-UNIS;12/02/2014;1418522
GODZILLA;ETATS-UNIS;14/05/2014;1369796
SOUS LES JUPES DES FILLES;FRANCE;04/06/2014;1359340
BELLE ET SÉBASTIEN;FRANCE;18/12/2013;1337501
LA FRENCH ;FRANCE;03/12/2014;1334968
NOE;ETATS-UNIS;09/04/2014;1322454
MONUMENTS MEN;ETATS-UNIS;12/03/2014;1288015
LA REINE DES NEIGES ;ETATS-UNIS;04/12/2013;1255172
NON-STOP;GB;26/02/2014;1222178
EDGE OF TOMORROW;ETATS-UNIS;04/06/2014;1222111
OPÉRATION CASSE-NOISETTE;ETATS-UNIS;06/08/2014;1201871
LE CROCODILE DU BOTSWANGA ;FRANCE;19/02/2014;1187344
MOMMY;CA;08/10/2014;1129093
TU VEUX OU TU VEUX PAS;FRANCE;01/10/2014;1077678
EXPENDABLES 3;ETATS-UNIS;20/08/2014;1059159
NOS ÉTOILES CONTRAIRES;ETATS-UNIS;20/08/2014;1044556
MAGIC IN THE MOONLIGHT;GB;22/10/2014;1036603
CLOCHETTE ET LA FÉE PIRATE;ETATS-UNIS;02/04/2014;1031829
PLANES 2;ETATS-UNIS;23/07/2014;1017036
MOI, MOCHE ET MECHANT 2;ETATS UNIS;26/06/2013;4649542
IRON MAN 3;ETATS UNIS;24/04/2013;4311506
DJANGO UNCHAINED;ETATS UNIS;16/01/2013;4306850
GRAVITY;GRANDE BRETAGNE;23/10/2013;4076501
PROFS (LES);FRANCE;17/04/2013;3950314
HOBBIT : LA DESOLATION DE SMAUG (LE);ETATS UNIS;11/12/2013;3800907
REINE DES NEIGES (LA);ETATS UNIS;04/12/2013;3795741
INSAISISSABLES;ETATS UNIS;31/07/2013;3008058
FAST & FURIOUS 6;ETATS UNIS;22/05/2013;2990306
HUNGER GAMES : L'EMBRASEMENT;ETATS UNIS;27/11/2013;2919171
TURBO;ETATS UNIS;16/10/2013;2466530
WORLD WAR Z;ETATS UNIS;03/07/2013;2456544
CROODS (LES);ETATS UNIS;10/04/2013;2379692
MAN OF STEEL;CANADA;19/06/2013;2316386
THOR : LE MONDE DES TENEBRES;ETATS UNIS;30/10/2013;2292842
SCHTROUMPFS 2 (LES);ETATS UNIS;31/07/2013;2248421
GARÇONS ET GUILLAUME, A TABLE ! (LES);FRANCE;20/11/2013;2200574
MONSTRES ACADEMY;ETATS UNIS;10/07/2013;2082526
BOULE ET BILL;FRANCE / BELGIQUE / LUXEMBOURG;27/02/2013;2006836
WOLVERINE : LE COMBAT DE L'IMMORTEL;ETATS UNIS;24/07/2013;1987860
9 MOIS FERME;FRANCE;16/10/2013;1986001
MAJORDOME (LE);ETATS UNIS;11/09/2013;1947590
VERY BAD TRIP 3;ETATS UNIS;29/05/2013;1932392
DIE HARD : BELLE JOURNEE POUR MOURIR;ETATS UNIS;20/02/2013;1831763
JAPPELOUP;FRANCE  / CANADA;13/03/2013;1819770
EYJAFJALLOJOKULL;FRANCE;02/10/2013;1770597
HOTEL TRANSYLVANIE;ETATS UNIS;13/02/2013;1700011
BELLE ET SEBASTIEN;FRANCE;18/12/2013;1678232
GAMINS (LES);FRANCE;17/04/2013;1646663
PLANES;ETATS UNIS;09/10/2013;1634078
GATSBY LE MAGNIFIQUE;AUSTRALIE;15/05/2013;1584540
MONDE FANTASTIQUE D'OZ (LE);ETATS UNIS;13/03/2013;1563134
ELYSIUM;ETATS UNIS;14/08/2013;1516122
PERCY JACKSON : LA MER DES MONSTRES;ETATS UNIS;14/08/2013;1469378
BLUE JASMINE;ETATS UNIS;25/09/2013;1425340
20 ANS D'ECART;FRANCE;06/03/2013;1402768
LINCOLN;ETATS UNIS;30/01/2013;1360610
OBLIVION;ETATS UNIS;10/04/2013;1330952
AFTER EARTH;ETATS UNIS;05/06/2013;1275654
CASSE-TETE CHINOIS ;FRANCE / BELGIQUE;04/12/2013;1273001
CAGE DOREE (LA);FRANCE;24/04/2013;1228894
EPIC : LA BATAILLE DU ROYAUME SECRET;ETATS UNIS;22/05/2013;1212733
HOBBIT : UN VOYAGE INATTENDU (LE);NOUVELLE ZELANDE;12/12/2012;1178106
SUR LE CHEMIN DE L'ECOLE;FRANCE;25/09/2013;1168029
ALCESTE A BICYCLETTE;FRANCE;16/01/2013;1167342
CONJURING, LES DOSSIERS WARREN;ETATS UNIS;21/08/2013;1163984
LONE RANGER, NAISSANCE D'UN HEROS;ETATS UNIS;07/08/2013;1149279
PRISONERS;ETATS UNIS;09/10/2013;1134394
VIVE LA FRANCE;FRANCE;20/02/2013;1107206
MOBIUS;FRANCE / LUXEMBOURG / BELGIQUE;27/02/2013;1095336
DE L'AUTRE COTE DU PERIPH;FRANCE;19/12/2012;1075619
HAPPINESS THERAPY;ETATS UNIS;30/01/2013;1067637
PAULETTE;FRANCE;16/01/2013;1033692
PACIFIC RIM;ETATS UNIS;17/07/2013;1024853
LOUP DE WALL STREET (LE);ETATS UNIS;25/12/2013;1015251
SKYFALL;GRANDE BRETAGNE;26/10/2012;6809201
AGE DE GLACE 4 : LA DERIVE DES CONTINENTS (LA);ETATS UNIS;27/06/2012;6635367
SUR LA PISTE DU MARSUPILAMI;FRANCE;04/04/2012;5298214
TWILIGHT - CHAPITRE 5 : REVELATION (2E PARTIE);ETATS UNIS;14/11/2012;4429780
AVENGERS;ETATS UNIS;25/04/2012;4413528
THE DARK KNIGHT RISES;GRANDE BRETAGNE;25/07/2012;4410644
VERITE SI JE MENS 3 (LA);FRANCE;01/02/2012;4111213
ASTÉRIX ET OBÉLIX : AU SERVICE DE SA MAJESTE;FRANCE  / HONGRIE / ESPAGNE / ITALIE;17/10/2012;3788194
MADAGASCAR 3 : BONS BAISERS D'EUROPE;ETATS UNIS;06/06/2012;3410251
HOBBIT : UN VOYAGE INATTENDU (LE);NOUVELLE ZELANDE;12/12/2012;3354874
PRÉNOM (LE);FRANCE;25/04/2012;3337091
REBELLE;ETATS UNIS;01/08/2012;3161238
TAKEN 2;FRANCE;03/10/2012;2905166
INTOUCHABLES;FRANCE;02/11/2011;2827043
SEIGNEURS (LES);FRANCE;26/09/2012;2730554
THE AMAZING SPIDER-MAN;ETATS UNIS;04/07/2012;2543141
SHERLOCK HOLMES : JEU D'OMBRES;GRANDE BRETAGNE;25/01/2012;2387738
CINQ LEGENDES (LES);ETATS UNIS;28/11/2012;2278252
INFIDÈLES (LES);FRANCE;29/02/2012;2259752
MEN IN BLACK 3;ETATS UNIS;23/05/2012;2121353
BLANCHE-NEIGE ET LE CHASSEUR;ETATS UNIS;13/06/2012;1976449
EXPENDABLES 2 : UNITE SPECIALE;ETATS UNIS;22/08/2012;1961556
DARK SHADOWS;GRANDE BRETAGNE;09/05/2012;1951178
DE ROUILLE ET D'OS;FRANCE  / BELGIQUE;17/05/2012;1906307
PROJET X;ETATS UNIS;14/03/2012;1845454
PROMETHEUS;ETATS UNIS;30/05/2012;1836615
STARS 80;FRANCE;24/10/2012;1834024
UN BONHEUR N'ARRIVE JAMAIS SEUL;FRANCE;27/06/2012;1828827
CLOCLO;FRANCE  / BELGIQUE;14/03/2012;1761084
HUNGER GAMES;ETATS UNIS;21/03/2012;1730099
THE ARTIST;FRANCE;12/10/2011;1578896
AMERICAN PIE 4;ETATS UNIS;02/05/2012;1516198
J. EDGAR;ETATS UNIS;11/01/2012;1448178
MINCE ALORS !;FRANCE;28/03/2012;1445744
ZARAFA;FRANCE;08/02/2012;1441142
CLOCHETTE ET LE SECRET DES FEES;ETATS UNIS;10/10/2012;1438569
TED;ETATS UNIS;10/10/2012;1377414
VOYAGE AU CENTRE DE LA TERRE 2 : L'ILE MYSTERIEUSE;ETATS UNIS;15/02/2012;1320696
TOTAL RECALL : MEMOIRES PROGRAMMEES;ETATS UNIS;15/08/2012;1276672
UN PLAN PARFAIT;FRANCE  / BELGIQUE;31/10/2012;1224814
MONDES DE RALPH (LES);ETATS UNIS;05/12/2012;1199597
DANS LA MAISON;FRANCE;10/10/2012;1184275
DE L'AUTRE COTE DU PERIPH;FRANCE;19/12/2012;1181416
ARGO;ETATS UNIS;07/11/2012;1154807
TITANIC;ETATS UNIS;07/01/1998;1138807
SEXY DANCE 4 : MIAMI HEAT;ETATS UNIS;08/08/2012;1133681
MILLENIUM : LES HOMMES QUI N'AIMAIENT PAS LES FEMMES;ETATS UNIS;18/01/2012;1077675
ALVIN ET LES CHIPMUNKS 3;ETATS UNIS;21/12/2011;1070591
BATTLESHIP;ETATS UNIS;11/04/2012;1058888
VACANCES DE DUCOBU (LES);FRANCE;25/04/2012;1055784
KAIRA (LES);FRANCE;11/07/2012;1020647
CHRONICLE;ETATS UNIS;22/02/2012;1019368
POPULAIRE;FRANCE  / BELGIQUE;28/11/2012;1009578
INTOUCHABLES;FRANCE;02/11/2011;16672833
RIEN A DECLARER;FRANCE / BELGIQUE;02/02/2011;8102335
HARRY POTTER ET LES RELIQUES DE LA MORT (2E PARTIE);GRANDE BRETAGNE;13/07/2011;6519839
AVENTURES DE TINTIN : LE SECRET DE LA LICORNE (LES);ETATS UNIS;26/10/2011;5368867
PIRATES DES CARAIBES : LA FONTAINE DE JOUVENCE;ETATS UNIS / GRANDE BRETAGNE;18/05/2011;4668413
TWILIGHT - CHAPITRE 4 : REVELATION 1ÈRE PARTIE;ETATS UNIS;16/11/2011;3612738
CHAT POTTE (LE);ETATS UNIS;30/11/2011;3431097
PLANETE DES SINGES : LES ORIGINES (LA);ETATS UNIS;10/08/2011;3261329
DISCOURS D'UN ROI (LE);GRANDE BRETAGNE;02/02/2011;3028578
CARS 2;ETATS UNIS;27/07/2011;2909835
SCHTROUMPFS (LES);ETATS UNIS;03/08/2011;2812856
KUNG FU PANDA 2;ETATS UNIS;15/06/2011;2698008
BLACK SWAN;ETATS UNIS;09/02/2011;2651092
TRANSFORMERS 3 : LA FACE CACHEE DE LA LUNE;ETATS UNIS;29/06/2011;2623554
FAST & FURIOUS 5;ETATS UNIS;04/05/2011;2520047
VERY BAD TRIP 2;ETATS UNIS;25/05/2011;2505709
RIO;ETATS UNIS;13/04/2011;2442881
POLISSE;FRANCE;19/10/2011;2323038
FEMMES DU 6EME ETAGE (LES);FRANCE;16/02/2011;2278645
X-MEN : LE COMMENCEMENT;ETATS UNIS;01/06/2011;2103132
AU-DELA;ETATS UNIS;19/01/2011;1933044
HOLLYWOO;FRANCE;07/12/2011;1879144
CASE DEPART;FRANCE;06/07/2011;1771310
MISSION : IMPOSSIBLE PROTOCOLE FANTOME;ETATS UNIS;14/12/2011;1747775
UN MONSTRE A PARIS;FRANCE;12/10/2011;1739232
MINUIT A PARIS;ESPAGNE;11/05/2011;1734167
THOR;ETATS UNIS;27/04/2011;1726057
THE ARTIST;FRANCE;12/10/2011;1578021
NOUVELLE GUERRE DES BOUTONS (LA);FRANCE;21/09/2011;1543213
DRIVE;ETATS UNIS;05/10/2011;1541339
TUCHE (LES);FRANCE;01/07/2011;1532865
SUPER 8;ETATS UNIS;03/08/2011;1532544
ELEVE DUCOBU (L');FRANCE;22/06/2011;1489782
GUERRE DES BOUTONS (LA);FRANCE;14/09/2011;1484494
BIENVENUE A BORD;FRANCE;05/10/2011;1429530
TRUE GRIT;ETATS UNIS;23/02/2011;1406227
FILLE DU PUISATIER (LA);FRANCE;20/04/2011;1400903
ALVIN ET LES CHIPMUNKS 3;ETATS UNIS;21/12/2011;1371768
LARGO WINCH 2;FRANCE / BELGIQUE / ALLEMAGNE;16/02/2011;1342836
TITEUF, LE FILM;FRANCE / SUISSE;06/04/2011;1267593
RANGO;ETATS UNIS;23/03/2011;1266311
FILS A JO (LE);FRANCE;12/01/2011;1200942
TRON L'HERITAGE;ETATS UNIS;09/02/2011;1190883
LYONNAIS (LES);FRANCE;30/11/2011;1093950
REAL STEEL;ETATS UNIS;19/10/2011;1081043
CAPTAIN AMERICA - FIRST AVENGER;ETATS UNIS;17/08/2011;1071108
SCREAM 4;ETATS UNIS;13/04/2011;1068889
TIME OUT;ETATS UNIS;23/11/2011;1045885
CHANCE DE MA VIE (LA);FRANCE / BELGIQUE;05/01/2011;1038592
ANIMAUX & CIE;Allemagne;09/02/2011;1033542
MA PART DU GATEAU;FRANCE;16/03/2011;1026465
SANS IDENTITE;ALLEMAGNE / GRANDE BRETAGNE / FRANCE;02/03/2011;1001308
DERNIER DES TEMPLIERS (LE);ETATS UNIS;12/01/2011;1000730
AVATAR;ETATS UNIS;16/12/2009;8467300
HARRY POTTER ET LES RELIQUES DE LA MORT (1ÈRE PARTIE);GRANDE BRETAGNE;24/11/2010;5514526
PETITS MOUCHOIRS (LES);FRANCE;20/10/2010;5327202
INCEPTION;GRANDE BRETAGNE;21/07/2010;4939235
SHREK 4, IL ÉTAIT UNE FIN;ETATS UNIS;30/06/2010;4625139
ALICE AU PAYS DES MERVEILLES;ETATS UNIS;24/03/2010;4432143
TOY STORY 3;ETATS UNIS;14/07/2010;4259327
CAMPING 2;FRANCE;21/04/2010;3979101
TWILIGHT - CHAPITRE 3 : HESITATION;ETATS UNIS;07/07/2010;3936112
ARNACOEUR (L');FRANCE;17/03/2010;3779109
PRINCESSE ET LA GRENOUILLE (LA);ETATS UNIS;27/01/2010;3662761
RAIPONCE;ETATS UNIS;01/12/2010;3174172
INVICTUS;ETATS UNIS;13/01/2010;3167854
DES HOMMES ET DES DIEUX;FRANCE;08/09/2010;3142886
SHUTTER ISLAND;ETATS UNIS;24/02/2010;3112216
ARTHUR 3 ET LA GUERRE DES DEUX MONDES;FRANCE;13/10/2010;3099514
MOI, MOCHE ET MECHANT;ETATS UNIS;06/10/2010;3009552
RAFLE (LA);FRANCE / ALLEMAGNE / HONGRIE;10/03/2010;2884565
OCÉANS;FRANCE;27/01/2010;2856092
IRON MAN 2;ETATS UNIS;28/04/2010;2578356
ROBIN DES BOIS;GRANDE BRETAGNE;12/05/2010;2386545
MONDE DE NARNIA - CHAPITRE 3 - L'ODYSSEE DU PASSEUR D'AURORE (LE);ETATS UNIS;08/12/2010;2325572
DRAGONS;ETATS UNIS;31/03/2010;2318670
POTICHE;FRANCE / BELGIQUE;10/11/2010;2249397
SHERLOCK HOLMES;GRANDE BRETAGNE;03/02/2010;2151617
PRINCE OF PERSIA : LES SABLES DU TEMPS;ETATS UNIS;26/05/2010;2112509
CHOC DES TITANS (LE);GRANDE BRETAGNE;07/04/2010;1874282
NIGHT AND DAY;ETATS UNIS;28/07/2010;1763619
APPRENTI SORCIER (L');ETATS UNIS;11/08/2010;1656693
EXPENDABLES : UNITE SPECIALE;ETATS UNIS;18/08/2010;1650593
AVENTURES EXTRAORDINAIRES D'ADELE BLANC-SEC (LES);FRANCE;14/04/2010;1628596
SALT;ETATS UNIS;25/08/2010;1472402
MAC (LE);FRANCE;17/02/2010;1455054
THE SOCIAL NETWORK;ETATS UNIS;13/10/2010;1444687
TOUT CE QUI BRILLE;FRANCE;24/03/2010;1417302
VOYAGE EXTRAORDINAIRE DE SAMY (LE);Belgique;11/08/2010;1309333
SEX AND THE CITY 2;ETATS UNIS;02/06/2010;1309156
THE KARATE KID;ETATS UNIS;18/08/2010;1283114
TETE EN FRICHE (LA);FRANCE;02/06/2010;1271129
PERCY JACKSON LE VOLEUR DE FOUDRE;ETATS UNIS;10/02/2010;1231464
FATAL;CANADA  / FRANCE;16/06/2010;1208484
GAINSBOURG (VIE HEROÏQUE);FRANCE;20/01/2010;1197548
VALENTINE'S DAY;ETATS UNIS;17/02/2010;1189525
AGENCE TOUS RISQUES (L');ETATS UNIS;16/06/2010;1188538
DERNIER MAITRE DE L'AIR (LE);ETATS UNIS;28/07/2010;1184257
HOMME QUI VOULAIT VIVRE SA VIE (L');FRANCE;03/11/2010;1179019
IMMORTEL (L');FRANCE;24/03/2010;1130208
AMOUR C'EST MIEUX A DEUX (L') (EX L'HOMME QUI MURMURAIT A L'OREILLE DES FEMMES);FRANCE;05/05/2010;1118481
ITALIEN (L');FRANCE;14/07/2010;1109693
THE TOWN;ETATS UNIS;15/09/2010;1078652
THE GHOST WRITER;FRANCE / ALLEMAGNE / GRANDE BRETAGNE;03/03/2010;1048697
AGE DE GLACE 3 LE TEMPS DES DINOSAURES (L');ETATS UNIS;03/07/2009;7831762
AVATAR;ETATS UNIS;16/12/2009;6295545
HARRY POTTER ET LE PRINCE DE SANG-MELE;GRANDE BRETAGNE;15/07/2009;6088244
PETIT NICOLAS (LE);FRANCE / BELGIQUE;30/09/2009;5535387
2012;ETATS UNIS;11/11/2009;4579371
LA-HAUT;ETATS UNIS;29/07/2009;4406371
TWILIGHT - CHAPITRE 2 : TENTATION;ETATS UNIS;18/11/2009;4122503
LOL (LAUGHING OUT LOUD);FRANCE;04/02/2009;3654452
ARTHUR ET LA VENGEANCE DE MALTAZARD;FRANCE;02/12/2009;3534777
GRAN TORINO;ETATS UNIS;25/02/2009;3444642
COCO;FRANCE;18/03/2009;2929310
VOLT, STAR MALGRE LUI;ETATS UNIS;04/02/2009;2875667
INGLOURIOUS BASTERDS;ETATS UNIS;19/08/2009;2833953
TWILIGHT - CHAPITRE 1 : FASCINATION;ETATS UNIS;07/01/2009;2793895
SLUMDOG MILLIONAIRE;GRANDE BRETAGNE;14/01/2009;2698865
ETRANGE HISTOIRE DE BENJAMIN BUTTON (L');ETATS UNIS;04/02/2009;2606097
NEUILLY SA MERE !;FRANCE;12/08/2009;2536282
OSS 117 RIO NE RÉPOND PLUS;FRANCE;15/04/2009;2520540
TRANSFORMERS 2 LA REVANCHE;ETATS UNIS;24/06/2009;2265369
ANGES & DEMONS;ETATS UNIS;13/05/2009;2038296
VERY BAD TRIP;ETATS UNIS;24/06/2009;2003642
SAFARI;FRANCE;01/04/2009;1961157
X-MEN ORIGINS WOLVERINE;ETATS UNIS;29/04/2009;1956635
LUCKY LUKE;FRANCE;21/10/2009;1875194
DE L'AUTRE COTE DU LIT;FRANCE;07/01/2009;1806170
FAST & FURIOUS 4;ETATS UNIS;08/04/2009;1783154
PREMIÈRE ÉTOILE (LA);FRANCE;25/03/2009;1648890
CODE A CHANGÉ (LE);FRANCE;18/02/2009;1629959
NUIT AU MUSEE 2;ETATS UNIS;20/05/2009;1626551
CONCERT (LE);FRANCE / BELGIQUE / ROUMANIE / ITALIE;04/11/2009;1614466
PUBLIC ENEMIES;ETATS UNIS;08/07/2009;1567631
TERMINATOR RENAISSANCE;ETATS UNIS;03/06/2009;1554276
MICHAEL JACKSON'S THIS IS IT;ETATS UNIS;28/10/2009;1549870
PREDICTIONS;AUSTRALIE;01/04/2009;1401779
MISSION-G;ETATS UNIS;14/10/2009;1372136
DROLE DE NOEL DE SCROOGE (LE);ETATS UNIS;25/11/2009;1276432
MONSTRES CONTRE ALIENS;ETATS UNIS;01/04/2009;1264741
MICMACS À TIRE-LARIGOT;FRANCE;28/10/2009;1258734
INCOGNITO;FRANCE / BELGIQUE;29/04/2009;1238699
WELCOME;FRANCE;11/03/2009;1223257
MILLENIUM;SUEDE;13/05/2009;1222646
UN PROPHÈTE;FRANCE / ITALIE;26/08/2009;1220577
NOCES REBELLES (LES);ETATS UNIS;21/01/2009;1140854
DESTINATION FINALE 4;ETATS UNIS;26/08/2009;1109533
DISTRICT 9;ETATS UNIS;16/09/2009;1108653
SEPT VIES;ETATS UNIS;14/01/2009;1107737
BANLIEUE 13 - ULTIMATUM;FRANCE;18/02/2009;1101554
PARANORMAL ACTIVITY;ETATS UNIS;02/12/2009;1050292
COCO AVANT CHANEL;FRANCE;22/04/2009;1040905
17 ANS ENCORE;ETATS UNIS;22/04/2009;1009916
BIENVENUE CHEZ LES CH'TIS;France;27/02/2008;20438510
ASTÉRIX AUX JEUX OLYMPIQUES;France / Allemagne / Espagne / Italie;30/01/2008;6806837
MADAGASCAR 2 : LA GRANDE EVASION;ETATS UNIS;03/12/2008;4349551
INDIANA JONES ET LE ROYAUME DU CRANE DE CRISTAL;ETATS UNIS;21/05/2008;4214497
QUANTUM OF SOLACE;GRANDE BRETAGNE;31/10/2008;3703207
KUNG FU PANDA;ETATS UNIS;09/07/2008;3274344
WALL-E;ETATS UNIS;30/07/2008;3169760
HANCOCK;ETATS UNIS;09/07/2008;3071387
MONDE DE NARNIA (LE ) - CHAPITRE 2 - LE PRINCE CASPIAN;ETATS UNIS;25/06/2008;3045873
THE DARK KNIGHT LE CHEVALIER NOIR;ETATS UNIS;13/08/2008;3004289
DISCO;France;02/04/2008;2349457
MESRINE : L'INSTINCT DE MORT;France / Canada / Italie;22/10/2008;2262376
ENFIN VEUVE;France;16/01/2008;2248161
IRON MAN;ETATS UNIS;30/04/2008;2040487
SEX AND THE CITY LE FILM;ETATS UNIS;28/05/2008;1990295
BENJAMIN GATES ET LE LIVRE DES SECRETS;ETATS UNIS;13/02/2008;1948278
HIGH SCHOOL MUSICAL 3 : NOS ANNEES LYCEE;ETATS UNIS;22/10/2008;1878728
VICKY CRISTINA BARCELONA;ESPAGNE;08/10/2008;1875759
PARIS;France;20/02/2008;1745858
HORTON;ETATS UNIS;02/04/2008;1677939
ENTRE LES MURS;France;24/09/2008;1581407
MAMMA MIA ! LE FILM;GRANDE BRETAGNE;10/09/2008;1567871
MOMIE : LA TOMBE DE L'EMPEREUR DRAGON (LA );ETATS UNIS;06/08/2008;1556624
MESRINE : L'ENNEMI PUBLIC N°1;France;19/11/2008;1501437
INTO THE WILD;ETATS UNIS;09/01/2008;1416826
ECHANGE (L');ETATS UNIS;12/11/2008;1368115
TRANSPORTEUR 3 (LE);FRANCE;26/11/2008;1350462
FAUBOURG 36;France / Allemagne / REPUBLIQUE TCHEQUE;24/09/2008;1323826
PHENOMENES;ETATS UNIS;11/06/2008;1300264
CHIMPANZES DE L'ESPACE (LES);ETATS UNIS;22/10/2008;1245144
VOYAGE AU CENTRE DE LA TERRE 3D;ETATS UNIS;16/07/2008;1211704
PREMIER JOUR DU RESTE DE TA VIE (LE);France;23/07/2008;1200679
CRIME EST NOTRE AFFAIRE (LE);FRANCE;15/10/2008;1180809
JUMPER;ETATS UNIS;20/02/2008;1152898
LARGO WINCH;FRANCE;17/12/2008;1117630
CASH;France;23/04/2008;1107013
DEUX JOURS À TUER;France;30/04/2008;1088583
WANTED : CHOISIS TON DESTIN;ETATS UNIS;16/07/2008;1085652
AGATHE CLÉRY;France;03/12/2008;1085445
BURN AFTER READING;ETATS UNIS;10/12/2008;1063386
JACKPOT;ETATS UNIS;07/05/2008;1049173
SWEENEY TODD LE DIABOLIQUE BARBIER DE FLEET STREET;ETATS UNIS;23/01/2008;1045614
JE SUIS UNE LEGENDE;ETATS UNIS;19/12/2007;1030743
INCROYABLE HULK (L');ETATS UNIS;23/07/2008;1028315
TAKEN;France;27/02/2008;1021862
JOUR OU LA TERRE S'ARRETA (LE);ETATS UNIS;10/12/2008;1000867
RATATOUILLE;ETATS UNIS;01/08/2007;7672786
SPIDER-MAN 3;ETATS UNIS;01/05/2007;6321621
HARRY POTTER ET L'ORDRE DU PHENIX;GRANDE BRETAGNE;11/07/2007;6213501
PIRATES DES CARAIBES, JUSQU'AU BOUT DU MONDE;ETATS UNIS;23/05/2007;5640983
SHREK LE TROISIEME;ETATS UNIS;13/06/2007;5547999
MOME (LA);France / REPUBLIQUE TCHEQUE / GRANDE BRETAGNE;14/02/2007;5224878
TAXI 4;France;14/02/2007;4549943
SIMPSON LE FILM (LES);ETATS UNIS;25/07/2007;3548245
ENSEMBLE, C'EST TOUT;France;21/03/2007;2309738
A LA CROISEE DES MONDES : LA BOUSSOLE D'OR;GRANDE BRETAGNE;05/12/2007;2286993
NUIT AU MUSEE (LA);ETATS UNIS;07/02/2007;2270272
DIE HARD 4 RETOUR EN ENFER;ETATS UNIS;04/07/2007;2269498
ARTHUR ET LES MINIMOYS (EX : ARTHUR);FRANCE;13/12/2006;2254530
IL ETAIT UNE FOIS;ETATS UNIS;28/11/2007;2186407
TRANSFORMERS;ETATS UNIS;25/07/2007;1976264
JE SUIS UNE LEGENDE;ETATS UNIS;19/12/2007;1880548
CŒUR DES HOMMES N°2 (LE);France;24/10/2007;1811639
4 FANTASTIQUES ET LE SURFER D'ARGENT (LES);ETATS UNIS;08/08/2007;1661110
UN SECRET;France / Allemagne;03/10/2007;1654755
300;ETATS UNIS;21/03/2007;1652832
OCEAN'S 13;ETATS UNIS;20/06/2007;1642801
VENGEANCE DANS LA PEAU (LA);GRANDE BRETAGNE;12/09/2007;1541184
VIE DES AUTRES (LA);ALLEMAGNE;31/01/2007;1538818
ROIS DE LA GLISSE (LES);ETATS UNIS;24/10/2007;1512602
RENARD ET L'ENFANT (LE);France;12/12/2007;1487173
UN JOUR SUR TERRE;GRANDE BRETAGNE;10/10/2007;1402310
DIALOGUE AVEC MON JARDINIER;FRANCE;06/06/2007;1364036
PRIX À PAYER (LE);France;04/04/2007;1344982
BLOOD DIAMOND;ETATS UNIS;31/01/2007;1313870
PERSÉPOLIS;FRANCE;27/06/2007;1237077
99 FRANCS;France;26/09/2007;1230655
MOLIÈRE;France;31/01/2007;1219493
ERAGON;ETATS UNIS;20/12/2006;1205874
AMERICAN GANGSTER;ETATS UNIS;14/11/2007;1169200
ROCKY BALBOA;ETATS UNIS;24/01/2007;1150188
ZODIAC;ETATS UNIS;17/05/2007;1129018
FAILLE (LA);ETATS UNIS;09/05/2007;1115540
GHOST RIDER;ETATS UNIS;21/02/2007;1067667
VACANCES DE MR BEAN (LES);GRANDE BRETAGNE;18/04/2007;1063952
SECRET DE TARABITHIA (LE);ETATS UNIS;28/03/2007;1049287
BRONZÉS 3 (LES) - AMIS POUR LA VIE;FRANCE;01/02/2006;10227811
AGE DE GLACE 2 (L');ETATS UNIS;05/04/2006;6620564
PIRATES DES CARAIBES, LE SECRET DU COFFRE MAUDIT;ETATS UNIS;02/08/2006;6508884
CAMPING;FRANCE;26/04/2006;5471891
DA VINCI CODE;ETATS UNIS;17/05/2006;4161514
ARTHUR ET LES MINIMOYS (EX : ARTHUR);FRANCE;13/12/2006;4119531
JE VOUS TROUVE TRES BEAU (EX: LA FILLE DE L'EST);FRANCE;11/01/2006;3508260
PRETE-MOI TA MAIN (EX : RENT A WIFE);FRANCE;01/11/2006;3453125
DOUBLURE (LA);FRANCE / ITALIE;29/03/2006;3083815
INDIGÈNES;FRANCE / BELGIQUE;27/09/2006;3023912
CASINO ROYALE;GRANDE BRETAGNE;22/11/2006;2842076
X-MEN L'AFFRONTEMENT FINAL;ETATS UNIS;24/05/2006;2806896
NE LE DIS À PERSONNE;FRANCE;01/11/2006;2728271
OSS 117 - LE CAIRE, NID D'ESPIONS;FRANCE;19/04/2006;2299400
VOLVER;ESPAGNE;19/05/2006;2296256
MONDE DE NARNIA (LE) - CHAPITRE 1 - LE LION, LA SORCIERE BLANCHE ET L'ARMOIRE MAGIQUE;ETATS UNIS;21/12/2005;2263516
DIABLE S'HABILLE EN PRADA (LE);ETATS UNIS;27/09/2006;2158883
CARS QUATRE ROUES;ETATS UNIS;14/06/2006;2022024
FAUTEUILS D'ORCHESTRE;FRANCE;15/02/2006;1932474
MISSION : IMPOSSIBLE 3;ETATS UNIS;03/05/2006;1914356
BAMBI 2;ETATS UNIS;01/02/2006;1850609
AZUR ET ASMAR;FRANCE / BELGIQUE / ESPAGNE / ITALIE;25/10/2006;1610508
ERAGON;ETATS UNIS;20/12/2006;1576744
MIAMI VICE - DEUX FLICS A MIAMI;ETATS UNIS;16/08/2006;1571796
REBELLES DE LA FORET (LES);ETATS UNIS;18/10/2006;1567501
NOS VOISINS LES HOMMES;ETATS UNIS;05/07/2006;1514322
INFILTRES (LES);ETATS UNIS;29/11/2006;1476303
NOS JOURS HEUREUX (EX:CES JOURS HEUREUX);FRANCE;28/06/2006;1474278
SUPERMAN RETURNS;ETATS UNIS;12/07/2006;1455483
ASTÉRIX ET LES VIKINGS;FRANCE;12/04/2006;1368321
SECRET DE BROKEBACK MOUNTAIN (LE);ETATS UNIS;18/01/2006;1320757
LORD OF WAR;ETATS UNIS;04/01/2006;1314258
GARFIELD 2;ETATS UNIS;19/07/2006;1273033
JEAN-PHILIPPE;FRANCE;05/04/2006;1218449
MARIE ANTOINETTE;ETATS UNIS;24/05/2006;1217251
HORS DE PRIX;FRANCE;13/12/2006;1214041
INSIDE MAN;ETATS UNIS;12/04/2006;1175442
MAISON DU BONHEUR (LA);FRANCE;07/06/2006;1144592
HAPPY FEET;ETATS UNIS;06/12/2006;1097570
IVRESSE DU POUVOIR (EX:LA COMÉDIE DU POUVOIR);FRANCE / ALLEMAGNE;22/02/2006;1078401
SOURIS CITY;ETATS UNIS;29/11/2006;1043666
MUNICH;ETATS UNIS;25/01/2006;1043520
COMME T'Y ES BELLE !;FRANCE / GRANDE BRETAGNE / LUXEMBOURG / BELGIQUE;10/05/2006;1040639
STAR WARS : EPISODE III - LA REVANCHE DES SITHS;ETATS UNIS;18/05/2005;7201421
HARRY POTTER ET LA COUPE DE FEU;GRANDE BRETAGNE;30/11/2005;7036158
BRICE DE NICE;FRANCE;06/04/2005;4425113
CHARLIE ET LA CHOCOLATERIE;GRANDE BRETAGNE;13/07/2005;4244665
GUERRE DES MONDES (LA);ETATS UNIS;06/07/2005;3887768
MADAGASCAR;ETATS UNIS;22/06/2005;3176072
MILLION DOLLAR BABY;ETATS UNIS;23/03/2005;3153904
MR & MRS SMITH;ETATS UNIS;27/07/2005;2956793
MONDE DE NARNIA (LE) - CHAPITRE 1 - LE LION, LA SORCIERE BLANCHE ET L'ARMOIRE MAGIQUE;ETATS UNIS;21/12/2005;2874240
POUPEES RUSSES (LES);FRANCE / GRANDE BRETAGNE;15/06/2005;2835515
KING KONG;ETATS UNIS;14/12/2005;2774766
IZNOGOUD;FRANCE;09/02/2005;2535444
PALAIS ROYAL!;FRANCE / GRANDE BRETAGNE;23/11/2005;2375513
WALLACE ET GROMIT LE MYSTERE DU LAPIN-GAROU;GRANDE BRETAGNE;12/10/2005;2231299
4 FANTASTIQUES (LES);ETATS UNIS;20/07/2005;2215755
LEGENDE DE ZORRO (LA);ETATS UNIS;26/10/2005;2145922
HITCH EXPERT EN SEDUCTION;ETATS UNIS;16/03/2005;2055664
CHICKEN LITTLE;ETATS UNIS;07/12/2005;2031514
MARCHE DE L'EMPEREUR (LA);FRANCE;26/01/2005;1861041
JOYEUX NOEL;FRANCE / ALLEMAGNE / GRANDE BRETAGNE / BELGIQUE / ROUMANIE;09/11/2005;1859192
ESPACE DETENTE;FRANCE;02/02/2005;1770764
AVIATOR;ETATS UNIS;26/01/2005;1676033
MON BEAU PERE, MES PARENTS ET MOI;ETATS UNIS;16/02/2005;1658570
RAY;ETATS UNIS;23/02/2005;1589608
THE ISLAND;ETATS UNIS;17/08/2005;1552663
BATMAN BEGINS;ETATS UNIS;15/06/2005;1493024
FRERES GRIMM (LES);GRANDE BRETAGNE;05/10/2005;1486259
OLIVER TWIST;FRANCE / REPUBLIQUE TCHEQUE / GRANDE BRETAGNE;19/10/2005;1450851
MATCH POINT;GRANDE BRETAGNE;26/10/2005;1449174
TOUT POUR PLAIRE;FRANCE / BELGIQUE;16/03/2005;1444421
KIRIKOU ET LES BETES SAUVAGES;FRANCE;07/12/2005;1371404
NOCES FUNEBRES DE TIM BURTON (LES);GRANDE BRETAGNE;19/10/2005;1363235
CHATEAU AMBULANT (LE);ETATS UNIS;12/01/2005;1311161
COCCINELLE REVIENT (LA);ETATS UNIS;03/08/2005;1310693
KINGDOM OF HEAVEN;GRANDE BRETAGNE;04/05/2005;1278878
CHEVALIERS DU CIEL (LES);FRANCE;09/11/2005;1278656
MON PETIT DOIGT M'A DIT;FRANCE;13/04/2005;1264508
ALEXANDRE;GRANDE BRETAGNE / FRANCE / PAYS BAS;05/01/2005;1246093
SIN CITY;ETATS UNIS;01/06/2005;1231689
TRANSPORTEUR 2 (LE);FRANCE;03/08/2005;1226161
CONSTANTINE;ETATS UNIS;16/02/2005;1222930
BOUDU;FRANCE;09/03/2005;1196895
DERNIER TRAPPEUR (LE);FRANCE / CANADA / ALLEMAGNE / ITALIE;15/12/2004;1188500
VAILLANT PIGEON DE COMBAT;GRANDE BRETAGNE;30/03/2005;1159947
ROBOTS;ETATS UNIS;06/04/2005;1103154
DE BATTRE MON CŒUR S'EST ARRETE;FRANCE;16/03/2005;1013708
CHORISTES (LES);FRANCE / SUISSE;17/03/2004;8432827
SHREK 2;ETATS UNIS;23/06/2004;7136071
HARRY POTTER ET LE PRISONNIER D'AZKABAN;GRANDE BRETAGNE;02/06/2004;7077448
SPIDER-MAN 2;ETATS UNIS;14/07/2004;5234145
INDESTRUCTIBLES (LES);ETATS UNIS;24/11/2004;4924015
UN LONG DIMANCHE DE FIANCAILLES;FRANCE;27/10/2004;4328943
PODIUM;FRANCE / BELGIQUE;11/02/2004;3544462
FRERE DES OURS;ETATS UNIS;28/01/2004;3530471
DEUX FRERES;FRANCE / GRANDE BRETAGNE;07/04/2004;3309548
GANG DE REQUINS;ETATS UNIS;13/10/2004;2971714
11 COMMANDEMENTS (LES);FRANCE;04/02/2004;2955848
TROIE;GRANDE BRETAGNE;13/05/2004;2730738
JOUR D'APRES (LE);ETATS UNIS;26/05/2004;2677836
ENQUETE CORSE (L');FRANCE;06/10/2004;2541432
VILLAGE (LE);ETATS UNIS;18/08/2004;2359420
FAHRENHEIT 9/11;ETATS UNIS;07/07/2004;2330906
RETOUR DU ROI (LE);NOUVELLE ZELANDE;17/12/2003;2216125
DERNIER SAMOURAI (LE);ETATS UNIS;14/01/2004;2201875
OCEAN'S TWELVE;ETATS UNIS;15/12/2004;2107007
I, ROBOT;ETATS UNIS;28/07/2004;2088022
RIVIERES POURPRES 2 (LES);FRANCE / ITALIE / GRANDE BRETAGNE;18/02/2004;2079055
MARIAGES !;FRANCE;21/04/2004;1962952
DOUBLE ZERO;FRANCE / GRANDE BRETAGNE;16/06/2004;1804483
36 QUAI DES ORFEVRES;FRANCE;24/11/2004;1683871
DALTON (LES);FRANCE / ALLEMAGNE / ESPAGNE;08/12/2004;1678533
RRRRRRR !!!;FRANCE;28/01/2004;1666835
ROI ARTHUR (LE);ETATS UNIS;04/08/2004;1597716
COMME UNE IMAGE;FRANCE / ITALIE;22/09/2004;1593020
PASSION DU CHRIST (LA);ETATS UNIS;31/03/2004;1538537
BRIDGET JONES : L'AGE DE RAISON;ETATS UNIS;08/12/2004;1528376
GOTHIKA;ETATS UNIS;07/01/2004;1517077
VAN HELSING;ETATS UNIS;05/05/2004;1516761
STARSKY ET HUTCH;ETATS UNIS;21/04/2004;1510938
KILL BILL VOLUME 2;ETATS UNIS;17/05/2004;1465895
MALABAR PRINCESS;FRANCE;03/03/2004;1457790
COLLATERAL;ETATS UNIS;29/09/2004;1450039
PETER PAN;ETATS UNIS;04/02/2004;1418170
POLE EXPRESS (LE);ETATS UNIS;01/12/2004;1369900
SCOOBY-DOO 2 - LES MONSTRES SE DECHAINENT;ETATS UNIS;07/04/2004;1365404
LOST IN TRANSLATION;ETATS UNIS;07/01/2004;1336082
MONDE DE NEMO (LE);ETATS UNIS;26/11/2003;1291014
LADYKILLERS;ETATS UNIS;09/06/2004;1246739
GARFIELD, LE FILM;ETATS UNIS;11/08/2004;1215384
ARSENE LUPIN;FRANCE / GRANDE BRETAGNE / ESPAGNE / ITALIE;13/10/2004;1178716
VIPERE AU POING;FRANCE / GRANDE BRETAGNE;06/10/2004;1173913
BIG FISH;ETATS UNIS;03/03/2004;1142856
TERMINAL (LE);ETATS UNIS;15/09/2004;1137672
MORT DANS LA PEAU (LA);ETATS UNIS;08/09/2004;1137341
MANOIR HANTE ET LES 999 FANTOMES (LE);ETATS UNIS;18/02/2004;1081165
MAUVAISE EDUCATION (LA);ESPAGNE;12/05/2004;1066059
DERNIER TRAPPEUR (LE);FRANCE / CANADA / ALLEMAGNE / ITALIE;15/12/2004;1035438
MONDE DE NEMO (LE);ETATS UNIS;26/11/2003;7937655
TAXI 3;FRANCE;29/01/2003;6110508
MATRIX RELOADED;ETATS UNIS;16/05/2003;5636757
RETOUR DU ROI (LE);NOUVELLE ZELANDE;17/12/2003;5152136
CHOUCHOU;FRANCE;19/03/2003;3823902
PIRATES DES CARAIBES : LA MALEDICTION DU BLACK PEARL;ETATS UNIS;13/08/2003;3768440
ARRETE MOI SI TU PEUX;ETATS UNIS;12/02/2003;3596056
MATRIX REVOLUTIONS;ETATS UNIS;05/11/2003;3481122
LIVRE DE LA JUNGLE 2 (LE);ETATS UNIS;05/02/2003;3307629
TERMINATOR 3 : LE SOULEVEMENT DES MACHINES;ETATS UNIS;06/08/2003;3185715
TAIS-TOI;FRANCE / ITALIE;22/10/2003;3030344
X MEN II;ETATS UNIS;30/04/2003;2784931
BRUCE TOUT PUISSANT;ETATS UNIS;03/09/2003;2666591
SEIGNEUR DES ANNEAUX (LE) - LES DEUX TOURS;NOUVELLE ZELANDE;18/12/2002;2574735
8 MILE;ETATS UNIS;26/02/2003;2240719
GANGS OF NEW YORK;ETATS UNIS;08/01/2003;2151646
BEUZE (LA);FRANCE;05/02/2003;1955976
AMERICAN PIE:THE WEDDING;ETATS UNIS;15/10/2003;1912589
BAD BOYS II;ETATS UNIS;15/10/2003;1879381
FAST & FURIOUS 2;ETATS UNIS;18/06/2003;1787704
HULK;ETATS UNIS;02/07/2003;1665264
7 ANS DE MARIAGE...;FRANCE;25/06/2003;1626322
HARRY POTTER ET LA CHAMBRE DES SECRETS;ETATS UNIS;04/12/2002;1585229
CHARLIE'S ANGELS : LES ANGES SE DECHAINENT;ETATS UNIS;16/07/2003;1564145
KILL BILL VOL. 1;ETATS UNIS;26/11/2003;1550094
DIX-HUIT ANS APRES;FRANCE;05/02/2003;1536626
COEUR DES HOMMES (LE);FRANCE;02/04/2003;1533935
DAREDEVIL;ETATS UNIS;19/03/2003;1330665
GOOD BYE LENIN;ALLEMAGNE;10/09/2003;1300059
SINBAD: LA LEGENDE DES SEPT MERS;ETATS UNIS;09/07/2003;1252113
FANFAN LA TULIPE;FRANCE;14/05/2003;1248622
LARA CROFT TOMB RAIDER, LE BERCEAU DE LA VIE;ETATS UNIS;20/08/2003;1217867
INVASIONS BARBARES (LES);CANADA / FRANCE;24/09/2003;1194460
INTOLERABLE CRUAUTE;ETATS UNIS;19/11/2003;1186689
MYSTIC RIVER;ETATS UNIS;15/10/2003;1148169
PERE ET FILS;FRANCE / CANADA;20/08/2003;1145352
SENTIMENTS (LES);FRANCE;05/11/2003;1136411
CHICAGO;ETATS UNIS;26/02/2003;1128307
RIRE ET CHATIMENT;FRANCE;22/01/2003;1127230
COUT DE LA VIE (LE);FRANCE;30/07/2003;1099051
MAUVAIS ESPRIT;FRANCE / ESPAGNE;05/11/2003;1091800
JEUX D'ENFANTS;FRANCE / BELGIQUE;17/09/2003;1071854
MYSTERE DE LA CHAMBRE JAUNE (LE);FRANCE / BELGIQUE;11/06/2003;1060508
MOI CESAR, 10 ANS1/2, 1M39;FRANCE;09/04/2003;1058185
FLEUR DU MAL (LA);FRANCE;19/02/2003;1039599
EFFROYABLES JARDINS;FRANCE;26/03/2003;1024354
LIGUE DES GENTLEMEN EXTRAORDINAIRES (LA);ETATS UNIS;01/10/2003;1022117
